1,柳江路学校商住楼,漯河金土地物业发展有限公司,093
2,金地翠园,漯河金土地物业发展有限公司,132、133、133、132
3,香榭里花园,漯河金土地置业有限公司,192、234、218、191、190
4,金地雅苑,漯河金土地置业有限公司,251-252
5,老街营宿楼,漯河市运达房地产开发有限公司,106
6,沙澧文景苑,漯河金翔房地产开发有限公司,373
7,文景苑小区,漯河金翔房地产开发有限公司,294
8,蓝天住宅小区,漯河蓝天房业有限责任公司,174
9,家.盛世（国际）生活MALL,漯河全赢伟业房地产开发有限公司,285
10,新华街南段营业房,漯河市城市建设投资有限公司,183
11,东京花园,漯河市大众房地产开发有限公司,113、257、113、124
12,东京花园A区,漯河市大众房地产开发有限公司,284
13,东京花园C区,漯河市大众房地产开发有限公司,254、175、200
14,滨河春天,漯河市德隆房地产开发有限公司,270、329、271、371
15,东京新苑,漯河市德隆房地产开发有限公司,187、188
16,金桂苑小区,漯河市房地产综合开发公司,261
17,安居工程14#,漯河市房地产综合开发公司,115
18,灯具市场,漯河市房地产综合开发公司,060
19,园丁园小区,漯河市飞天房地产开发有限公司,111、123
20,燕山花园新区,漯河市高新区通安房地产公司,059
1,柳江路学校商住楼,漯河金土地物业发展有限公司,093
2,金地翠园,漯河金土地物业发展有限公司,132、133、133、132
3,香榭里花园,漯河金土地置业有限公司,192、234、218、191、190
4,金地雅苑,漯河金土地置业有限公司,251-252
5,老街营宿楼,漯河市运达房地产开发有限公司,106
6,沙澧文景苑,漯河金翔房地产开发有限公司,373
7,文景苑小区,漯河金翔房地产开发有限公司,294
8,蓝天住宅小区,漯河蓝天房业有限责任公司,174
9,家.盛世（国际）生活MALL,漯河全赢伟业房地产开发有限公司,285
10,新华街南段营业房,漯河市城市建设投资有限公司,183
11,东京花园,漯河市大众房地产开发有限公司,113、257、113、124
12,东京花园A区,漯河市大众房地产开发有限公司,284
13,东京花园C区,漯河市大众房地产开发有限公司,254、175、200
14,滨河春天,漯河市德隆房地产开发有限公司,270、329、271、371
15,东京新苑,漯河市德隆房地产开发有限公司,187、188
16,金桂苑小区,漯河市房地产综合开发公司,261
17,安居工程14#,漯河市房地产综合开发公司,115
18,灯具市场,漯河市房地产综合开发公司,060
19,园丁园小区,漯河市飞天房地产开发有限公司,111、123
20,燕山花园新区,漯河市高新区通安房地产公司,059
1,柳江路学校商住楼,漯河金土地物业发展有限公司,093
2,金地翠园,漯河金土地物业发展有限公司,132、133、133、132
3,香榭里花园,漯河金土地置业有限公司,192、234、218、191、190
4,金地雅苑,漯河金土地置业有限公司,251-252
5,老街营宿楼,漯河市运达房地产开发有限公司,106
6,沙澧文景苑,漯河金翔房地产开发有限公司,373
7,文景苑小区,漯河金翔房地产开发有限公司,294
8,蓝天住宅小区,漯河蓝天房业有限责任公司,174
9,家.盛世（国际）生活MALL,漯河全赢伟业房地产开发有限公司,285
10,新华街南段营业房,漯河市城市建设投资有限公司,183
11,东京花园,漯河市大众房地产开发有限公司,113、257、113、124
12,东京花园A区,漯河市大众房地产开发有限公司,284
13,东京花园C区,漯河市大众房地产开发有限公司,254、175、200
14,滨河春天,漯河市德隆房地产开发有限公司,270、329、271、371
15,东京新苑,漯河市德隆房地产开发有限公司,187、188
16,金桂苑小区,漯河市房地产综合开发公司,261
17,安居工程14#,漯河市房地产综合开发公司,115
18,灯具市场,漯河市房地产综合开发公司,060
19,园丁园小区,漯河市飞天房地产开发有限公司,111、123
20,燕山花园新区,漯河市高新区通安房地产公司,059
21,廉租房,漯河市公房管理处,167
22,半岛.蓝岸,漯河市鹤翔房地产开发有限公司,385
23,嘉和苑,漯河市和泰房地产开发有限公司,2003-007
24,嘉和苑住宅小区,漯河市和泰房地产开发有限公司,365、258-259、343
25,绿景苑,漯河市宏宇房地产开发有限公司,346、345
26,宏宇小区春晓苑,漯河市宏宇房地产开发有限公司,387
27,中汇广场,漯河市华东房地产开发有限公司,255-256
28,百姓嘉园,漯河市华夏置业有限公司,316
29,住宅楼,漯河市华祥房屋建筑工程开发有限公司,169、053
30,鑫苑名家,漯河市惠宾房地产开发有限公司,2004-003
31,市政7#营宿楼,漯河市惠达房地产开发有限公司,23
32,东吴营宿楼,漯河市汇昌工贸有限责任公司,172
33,中机园生活小区,漯河市汇利房地产开发有限公司,203、282
34,中机园小区,漯河市汇利房地产开发有限公司,262
35,1#住宅楼,漯河市建安房地产开发有限公司,194
36,黄河路营宿楼,漯河市建安房地产开发有限公司,122
37,建安小区,漯河市建安房地产开发有限公司,219
38,开源二区,漯河市建安房地产开发有限公司,122
39,泰山路北段住宅小区,漯河市建安房地产开发有限公司,178
40,金鼎・滨河花园,漯河市金鼎房地产开发有限公司,323
41,友爱家园,漯河市金鼎房地产开发有限公司,168
42,海河花园,漯河市金光房地产开发有限公司,085
43,金汇康馨花园,漯河市金汇房地产开发有限责任公司,276
44,雅典未城,漯河市金汇房地产开发有限责任公司,380、381
45,泰山路北段营宿楼,漯河市金汇房地产开发有限责任公司,065
46,金汇东方红住宅小区,漯河市金汇房地产开发有限责任公司,157、156
47,辽河花园,漯河市金汇房地产开发有限责任公司,2002-003、2004-007
48,德怡.枫林湾,漯河市德源房地产开发有限公司,20130018
49,新天地数码广场,漯河市美盛房地产开发有限公司,317、317、317
50,沙田・莱茵风景二期,漯河市舒漫置业发展有限公司,331、332、330
51,苏荷公馆5#,漯河浩宇置业有限公司,20130021
52,源汇区北京路现代城2#楼,漯河居正房地产开发有限公司,20130032
53,康桥水岸11号楼,漯河市缘动力置业有限公司,20130031
54,文明时代广场3,漯河绿茵房地产开发有限公司,20140080
55,文明时代广场4,漯河绿茵房地产开发有限公司,20140082
56,中润・凤凰城21#,漯河中润房地产投资有限公司,20130045
57,坤恒-金色港湾,漯河坤恒置业有限公司,1185
58,沙田锦绣天地,漯河市舒漫置业发展有限公司,217、226
59,鹿港小镇,漯河市泰威房地产开发有限公司,405
60,新天地商业步行街,漯河市美盛房地产开发有限公司,318、318、319、319、319
61,阳光花园,漯河市怡诚置业有限公司,2004-02
62,111,漯河市经济适用住房管理中心,
63,龙腾馨园1#、2#、3#,漯河市经济适用住房管理中心,20130042
64,龙腾馨园4#楼,漯河市经济适用住房管理中心,
65,幸福春天9#、11#,漯河市经济适用住房管理中心,20130038
66,螺湾小镇32#、33#、,漯河市经济适用住房管理中心,20130046
67,螺湾小镇42#、43#,漯河市经济适用住房管理中心,20130048
68,天鑫・现代城,河南天鑫置业有限公司,20131205
69,中润・凤凰城,漯河中润房地产投资有限公司,20130035
70,盛世嘉园34-36,河南开源房地产开发有限责任公司,20130026
71,豫龙商贸城,河南宏达置业有限公司,212、182
72,文明时代广场2,漯河绿茵房地产开发有限公司,20140081
73,广鑫・帝景城二期五号楼,漯河广鑫房地产开发有限公司,20130040
74,尚郡住宅,漯河市美盛房地产开发有限公司,386、401
75,新天地金街龙街,漯河市美盛房地产开发有限公司,320、320、320、321、321、321
76,漯河新天地儿童城,漯河市美盛房地产开发有限公司,354、354、354
77,漯河市新天地丹尼斯,漯河市美盛房地产开发有限公司,318
78,漯河新天地书城,漯河市美盛房地产开发有限公司,355、355、355
79,瑞贝卡家天下,漯河瑞贝卡房地产开发有限公司,20130043
80,瑞贝卡家天下.2,漯河瑞贝卡房地产开发有限公司,20130057、20130058
81,翡翠雅苑,漯河市联太房地产开发有限公司,20130065、20130017
82,文萃幸福苑29#31#26A#,漯河市经济适用住房管理中心,20130022
83,昌建东外滩,漯河昌建中融置业有限公司,20130052
84,沙田莱茵风景,漯河市舒漫置业发展有限公司,412
85,螺湾小镇35#、39#,漯河市经济适用住房管理中心,20130049
86,金地兰乔圣菲16#楼,漯河金土地置业有限公司,20130041
87,碧湖御苑小区41#,漯河市昌华房地产开发有限公司,
88,嘉业城市花园一期,漯河市嘉业房地产开发有限责任公司,20130044
89,桦中花园,漯河市三元房地产开发有限公司,366
90,隆汇小区,漯河市隆汇房地产开发有限公司,193
91,中润・凤凰城2A#、7A#、10A#,漯河中润房地产投资有限公司,20130054
92,广鑫帝景城二期6、7、8号楼,漯河广鑫房地产开发有限公司,20130068
93,五一南路营宿楼,河南开源房地产开发有限责任公司,151、159、159、121
94,开源房地产开发有限公司,河南开源房地产开发有限责任公司,151、151、151、151、151、121、121、121、121、121、121、121、121、121、121、121、121、121、121、121、121、121、121
95,五一路营宿楼,河南开源房地产开发有限责任公司,151
96,开源房地产开发公司,河南开源房地产开发有限责任公司,151、151、151、151、151、151、151、151、151、151、151
97,盛世嘉园37-39,河南开源房地产开发有限责任公司,20130019
98,建业壹号城邦三期,漯河建业昌建置业有限公司,20130024
99,坤恒金色港湾,漯河坤恒置业有限公司,1186
100,天鑫.现代城,河南天鑫置业有限公司,20131213
101,12,漯河市经济适用住房管理中心,
102,幸福春天3#、5#、7#,漯河市经济适用住房管理中心,20130039
103,广鑫帝景城二期9、10、11号楼,漯河广鑫房地产开发有限公司,20130067
104,泰威・中央公园二期A,河南泰威房地产开发有限公司,20130072
105,龙城国际（1）,漯河市龙胜房屋开发有限公司,20130059
106,沙田莱茵风景,漯河市舒漫置业发展有限公司,2005-004、2005-002
107,阳光世纪苑二期,漯河市源汇区房地产开发总公司,303、301、300、302
108,苏荷公馆,漯河浩宇置业有限公司,20130016
109,锦绣天地Ⅱ期-金域天地,漯河市舒漫置业发展有限公司,299
110,许慎文苑住宅小区,漯河市龙泰房地产开发工程有限公司,2004-005
111,怡景苑,漯河市金翔房地产开发有限公司,2002-007
112,文萃幸福苑26C#、28#、30#,漯河市经济适用住房管理中心,20130023
113,沙田・新空间,漯河市舒漫置业发展有限公司,393
114,许慎文苑,漯河市龙泰房地产开发工程有限公司,2004-005
115,紫玉城,河南省龙源航运实业有限公司,20130036
116,苹果观澜,漯河市龙泰房地产开发工程有限公司,20130034
117,古德城邦,漯河市祥润置业有限公司,20130055
118,螺湾小镇36#、40#,漯河市经济适用住房管理中心,20130047
119,壹号城邦四期,漯河建业昌建置业有限公司,20130037
120,中润大河熙岸（二期）,漯河中润房地产投资有限公司,20130053
121,古德城邦4,漯河市祥润置业有限公司,20130056
122,农资大世界,漯河市第一农业生产资料公司,436、502、503、504
123,嘉和苑住宅小区,漯河市和泰房地产开发有限公司,734、447、446
124,新城.财富广场,漯河市经济住房管理中心,398、572
125,中机园生活小区,漯河市汇利房地产开发有限公司,454
126,锦华.鑫苑新城,漯河锦华房地产开发有限公司,475
127,天赐良缘西区,漯河市龙胜房屋开发有限公司,272
128,鑫地佳园小区,漯河市建安房地产开发有限公司,４９６、497、498、499
129,桂苑,河南开源房地产开发有限责任公司,510、511
130,香格里拉（森林庄园）,河南开源房地产开发有限责任公司,536、537、535、539、534
131,东京苑,漯河市大众房地产开发有限公司,542
132,鑫苑小区,漯河市龙胜房屋开发有限公司,230、232
133,文明时代广场,漯河绿茵房地产开发有限公司,552、550
134,双汇.新旺角,漯河昌建地产有限公司,568
135,三元锦江住宅小区,漯河市三元房地产开发有限公司,599、598、600
136,盛世嘉园,河南开源房地产开发有限责任公司,
137,惠宾财富广场,漯河惠宾房地产开发有限公司,636、637
138,龙胜豪门,漯河市龙胜房屋开发有限公司,424
139,盛世嘉园,河南开源房地产开发有限责任公司,
140,天下都市新城,漯河市鑫海房地产开发有限责任公司,641、642
141,中房辽河路营宿楼,中国房地产开发集团漯河公司,626
142,名仕苑,漯河市宏宇房地产开发有限公司,657、658、659、010
143,黄河宜居苑,漯河惠宾房地产开发有限公司,674、675、673
144,文萃满庭芳-花冠,漯河市经济适用住房管理中心,703
145,铁东安居小区,漯河市经济住房管理中心,051
146,淞江芳园小区.二期,漯河市方圆置业有限公司,732
147,新城.财富广场03C号楼,漯河市经济适用住房管理中心,775
148,峻峰华亭住宅楼,漯河绿茵房地产开发有限公司,789
149,亚泰-名仕公馆,漯河市亚泰房地产开发有限公司,798、1055
150,七彩.都市枫林,漯河市第三建筑工程有限公司,801
151,幸福美家,漯河市恒基置业有限公司,851、830
152,中堂综合楼,漯河市美盛房地产开发有限公司,852
153,上城公馆二期,河南帝禾置业有限公司,856、960、853、855、854
154,泰威丽景苑9号楼,河南泰威房地产开发有限公司,865
155,金域蓝湾,漯河市伟翔置业有限公司,1050、1078、1079、1115、890、889、939
156,天泰大厦,漯河市天泰建设开发有限公司,891
157,文萃-幸福苑,漯河市经济适用住房管理中心,821、820
158,广弘花园住宅小区,漯河市广弘侨建投资有限公司,964、901、903、902
159,网上备案测试小区,网上备案测试,99999
160,天明-第一城,漯河天明地产有限公司,949、962、1002、947、945、946、963、948
161,宏宇-汇景城,漯河市宏宇房地产开发有限公司,1047、957、1048、977、1127、958、1128、1125、1129、978、956、1126
162,63测试项目,漯河市豪山房地产开发有限公司,018
163,中润-凤凰城,漯河中润房地产投资有限公司,1031、1030、1032、1135、1061、1136
164,文萃-百合源,漯河市经济适用住房管理中心,1045、1046、1057
165,嘉业-城市花园一期,漯河市嘉业房地产开发有限责任公司,1058
166,亿博-翰林汇,漯河市亿博置业有限公司,1088、1089、1090
167,天元明珠-和谐街坊,漯河和谐房地产开发有限公司,1074
168,沙田艺林苑,漯河市舒漫置业发展有限公司,2001-004
169,万盛广场,漯河万盛置业有限公司,1102、1145、1166
170,伟业-万和城北区,漯河伟业房地产开发有限公司,1143、1141、1142
171,君临华府,漯河远志置业有限公司,1159、1158
172,（御园）中润大河熙岸,漯河中润房地产投资有限公司,1168、1169、1170
173,锦江花园,漯河市三元房地产开发有限公司,416、415、417
174,永冠宜居苑,漯河市永冠房地产开发有限公司,289
175,盛隆世纪新城,漯河市盛隆房地产开发有限公司,462、661、463、464
176,龙泰华庭,漯河市龙泰房地产开发工程有限公司,145
177,百姓嘉园,漯河市华厦置业有限公司,315
178,鸿安花园,漯河市恒大房地产开发有限公司,540
179,锦绣淞江,郑州中实房地产开发有限公司,710、376、574、709、708、711、576、575、707
180,永冠滨河花园,漯河市永冠房地产开发有限公司,546、560、627
181,雅居苑,漯河市运跃置业有限公司,2005-307
182,紫竹苑住宅小区,漯河市隆云房地产开发有限公司,578、569、976
183,尚郡住宅,漯河市美盛房地产开发有限公司,770、570、660
184,阳光都市.龙祥苑居住小区,河南省水利第一工程局漯河房地产开发公司,610、609、611、612
185,盛世嘉园,河南开源房地产开发有限责任公司,614
186,碧桂新苑,漯河市中州房地产开发有限公司,623
187,资苑小区,漯河市新利达置业有限公司,676
188,七彩.都市枫林,漯河市第三建筑工程有限公司,696、697
189,文萃江南,漯河市经济适用住房管理中心,095、384、095、095、095、095、095
190,香樟花园二期,河南开源房地产开发有限责任公司,744、745
191,太行公寓,漯河市联太房地产开发有限公司,766
192,三庭轩住宅小区,漯河市金龙房地产开发有限公司,850、781、783、922、782、784、848、849
193,金地-兰乔圣菲,漯河金土地置业有限公司,913、793、795、794、912
194,泰盈-紫金城,河南泰盈置业有限责任公司,828、787、730、791、942、894、1112、786、817、729、969、799、893
195,未来公寓,漯河市金瑞达置业有限公司,822
196,天明-第一城,漯河天明地产有限公司,835、836、834、838、816、837
197,源升.和谐家园,漯河源升置业有限公司,899、910、909、908、900
198,坤恒-金碧苑,漯河坤恒置业有限公司,927、926
199,永冠都市文苑二期,漯河市永冠房地产开发有限公司,930
200,星河湾小区,漯河市泰源房地产开发有限责任公司,541、541、374
201,尚郡住宅,漯河市美盛房地产开发有限公司,544
202,银河湾,河南银鸽地产有限公司,582、583、717、965
203,BBBBB,河南省天翼置业有限责任公司,009
204,盛世嘉园,河南开源房地产开发有限责任公司,621、639、823、755、756
205,坤恒-金博苑,漯河坤恒置业有限公司,933、624、625
206,天下都市新城二期住宅小区,漯河市鑫海房地产开发有限责任公司,694
207,橘子洲小区,漯河家园房地产开发有限公司,720
208,惠达-紫云居,漯河市惠达置业有限公司,728
209,宏泰小区,河南宏泰集团实业有限公司,749、750
210,商务花园二期,漯河市荣众置业有限公司,808、810、809
211,丽江花园,河南开源房地产开发有限责任公司,842、846、841、847、843、845、844、840
212,苹果公寓,漯河市龙泰房地产开发工程有限公司,892
213,双汇欧洲故事,漯河昌建地产有限公司,898、906、929
214,水木清城,漯河市经济适用住房管理中心,932、1073、1072、974、931、973
215,昌建-工商联大厦,漯河昌建地产有限公司,935
216,牛测试,漯河市豪山房地产开发有限公司,019
217,盛世嘉园,河南开源房地产开发有限责任公司,621、639、823、755、756
218,伟业-万和城,漯河伟业房地产开发有限公司,1019、1022、1020、1021
219,万盛广场,漯河市万盛置业有限公司,1065、1066
220,海河新区,中国房地产开发集团漯河公司,221、220
221,苹果公寓C座,漯河市龙泰房地产开发工程有限公司,1077
222,嘉业-城市花园二期,漯河市嘉业房地产开发有限责任公司,1087、1085、1086
223,漯河市阳光水岸住宅小区,漯河市恒润置业有限公司,747
224,博睿-国典二期,漯河市博睿天地置业有限公司,1140、1139
225,昌建-东外滩,漯河昌建中融置业有限公司,1177
226,康居鑫苑,漯河市鑫昌房地产开发有限责任公司,418、419
227,淞江.芳园小区,漯河市方圆置业有限公司,640、438、445、640、440、443、439、442、441、444
228,文景苑小区,漯河金翔房地产开发有限公司,449、558、450
229,昆仑花园,漯河市汇利房地产开发有限公司,455、495、549
230,森林庄园,河南开源房地产开发有限责任公司,121、121
231,泰威丽景苑,漯河市泰威房地产开发有限公司,500、486、487
232,五一路营宿楼,漯河市开源房地产开发有限公司,153、152
233,辽河路营宿楼,漯河市龙海房地产开发有限公司,2007-494
234,舟山花园,漯河市泰威房地产开发有限公司,139
235,永冠天桥花园1号楼,漯河市永冠房地产开发有限公司,972
236,兴和苑二期,漯河市源鸿源商贸置业有限公司,984
237,建业-壹号城邦二期,漯河建业昌建置业有限公司,986、1029、987、989、990、988
238,建材小区,漯河市环美置业有限公司,991
239,鸿安花园二期,漯河市恒大房地产开发有限公司,1005、997、998
240,泰威-中央公园,河南泰威房地产开发有限公司,1054、1024、1025、1023、1053
241,巴黎都市,漯河荣凯置业有限公司,1039、1067、1040、1043、1041、1042
242,蓝爵世家,漯河家祥置业有限公司,1182、1180、1059、1157、1178、1174、1080、1181、1171、1179
243,受降路市场,河南恒泰房地产有限公司,074、070
244,建业-壹号城邦三期,漯河建业昌建置业有限公司,1131、1132、1130
245,枫桦豪庭,漯河福瑞隆置业有限公司,1167
246,建业.森林半岛,漯河建业住宅建设有限公司,776、777、778、779、742、741、743、780、724
247,康居鑫苑,漯河市鑫昌房地产开发有限公司,564、565、566、563、420
248,金汇康馨花园,漯河市金汇房地产开发有限责任公司,422
249,银河湾,河南银鸽地产有限公司,429、428
250,建业.森林半岛,漯河建业住宅建设有限公司,776、777、778、779、742、741、743、780、724
251,中华家园,漯河家园房地产开发有限公司,456
252,桃源居,漯河市金瑞达置业有限公司,467、467、466、465
253,海河路营宿楼,漯河市汇鑫房地产开发有限公司,471
254,锦苑小区,漯河市鹤翔房地产开发有限公司,100、128
255,阳光世纪北苑,漯河市恒润置业有限公司,490、489、493、492、491
256,东方恒星苑,漯河市鸿盛房地产开发工程有限公司,082、082
257,文翠.满庭芳,漯河市经济住房管理中心,571
258,沙田锦绣天地,漯河市舒漫置业发展有限公司,573、982、767、968
259,宏源新城,漯河市金瑞达置业有限公司,580、712、579
260,永冠自然居,漯河市永冠房地产开发有限公司,693、663、692、748
261,鼎盛小区,漯河鼎盛房地产开发有限公司,718
262,天元住宅小区,漯河金宇房地产开发有限公司,669、1027、983、996、667、975、668
263,金山商住区临街楼,漯河市金发房地产开发公司,672
264,文萃.满庭芳二期,漯河市经济适用住房管理中心,
265,森林庄园,河南开源房地产开发有限责任公司,690
266,城市假日,漯河市龙泰房地产开发工程有限公司,691
267,湘江花园,漯河惠宾房地产开发有限公司,702、811
268,橘子洲小区,漯河家园房地产开发有限公司,772
269,宏昌新苑,漯河盛通房地产开发有限公司,805、803、806、802、804
270,沙田新空间南区,漯河市舒漫置业发展有限公司,863、864
271,昌建外滩,漯河昌建地产有限公司,1015、1175、1176、888、985、1056、999
272,中房公司大学路公寓楼,中国房地产开发集团漯河公司,919
273,新城-财富广场锦绣苑4号楼,漯河市经济适用住房管理中心,934
274,盛世嘉园22号楼,河南开源房地产开发有限责任公司,959
275,测试,漯河市豪山房地产开发有限公司,020
276,未来花园,漯河金土地置业有限公司,1014、1049
277,滨河-颐景园,漯河市方圆置业有限公司,1035、1036、1076、1037、1070
278,名仕雅苑,漯河市龙海房地产开发有限公司,1068、1137、1069
279,龙江新苑,漯河市贵都置业有限公司,1083、1081、1082
280,大河花园,漯河大河置业有限公司,1097、1095、1093、1096、1098、1091、1092、1094
281,坤恒-金桂苑,漯河坤恒置业有限公司,1099、1133、1101、1163、1100、1164、1134
282,（御苑）中润大河熙岸,漯河中润房地产投资有限公司,
283,德隆滨河春天,德隆房地产开发有限责任公司,271、013
284,天桥.沙河景苑,漯河坤恒置业有限公司,468、735、470、662
285,湘江花园,漯河市金发房地产开发公司,480
286,永冠天桥花园,漯河市永冠房地产开发有限公司,267、347
287,文馨苑,中国房地产开发集团漯河公司,154、154
288,旺旺家园小区,漯河旺旺置业有限公司,523、961、520、518、521、522、514、516、519、515、517
289,兴和苑小区,漯河市源鸿源商贸置业有限公司,543、524、525
290,批发市场西侧,漯河市银河房地产开发公司,003
291,源升住宅小区,漯河源升置业有限公司,584、585
292,漯舞路住宅楼,漯河市泰威房地产开发有限公司,587
293,半岛蓝岸,漯河市鹤翔房地产开发有限公司,701、601、689
294,盛世嘉园,河南开源房地产开发有限责任公司,620、682、683、687、688、824、686、684、685
295,上城公馆,河南帝禾置业有限公司,603、016
296,阳光世纪苑,漯河市源汇区房地产开发总公司,114
297,鑫海-碧水轩,漯河市鑫海房地产开发有限责任公司,644、695、761、643
298,泰山南路华祥丽景苑商住小区,漯河市华祥房屋建筑工程有限公司,628
299,沙田宜居,漯河市舒漫置业发展有限公司,147、147
300,嵩山小区,漯河市源汇区房地产开发总公司,045、105
301,龙苑住宅小区,漯河市龙基置业有限公司,812、665、664
302,天下都市新城,漯河市金龙房地产开发有限公司,762
303,泰威丽景苑小高层,河南泰威房地产开发有限公司,800
304,开来怡景,漯河金土地置业有限公司,829
305,沙田新空间南区,漯河市舒漫置业发展有限公司,887、886
306,天翼-塞纳春天,河南省天翼置业有限责任公司,928、897
307,碧湖御苑小区,漯河市昌华房地产开发公司,953、950、951、952、954、955
308,富华-棕榈城,漯河航民房地产开发有限公司,1147、1107、1105、1106、1146、1108
309,恒业.财富广场,漯河市恒业房地产开发有限公司,413、431、430
310,金泰花园一期.金领域,漯河市金泰房地产开发有限责任公司,426、461、427
311,中心花园,漯河市美盛房地产开发有限公司,451、452、453
312,永冠汇鑫公寓,漯河市永冠房地产开发有限公司,457、545
313,沙田新空间,漯河市舒漫置业发展有限公司,887、886
314,香格里拉（森林庄园）,河南开源房地产开发有限责任公司,538
315,文馨苑,中国房地产开发集团漯河公司,154、154、154、154、154
316,清华园.新苑小区,漯河市运达房地产开发有限公司,488、839、792
317,五一路营宿楼,开源房地产开发有限公司,152、152
318,清华园,漯河市运达房地产开发有限公司,488、839、792
319,龙泰华庭,龙泰房地产开发工程有限公司,145、145
320,冠生园食品厂营宿楼,郾城贯通房地产开发有限公司,2003-003
321,东京花园,漯河市大众房地产开发有限公司,113、113
322,商务花园,漯河市荣众置业有限公司,533
323,永冠都市文苑,漯河市永冠房地产开发有限公司,142、142、142、136、136、142、136
324,金地紫薇花园,漯河金土地置业有限公司,548、547
325,迎丰住宅楼,漯河市金汇房地产开发有限责任公司,2001-009
326,双汇广场香港名店街,漯河市广宇房地产有限公司,567
327,双汇.西班牙玫瑰,漯河昌建地产有限公司,591、596、597、588、589、590、594、595、592、593
328,盛世嘉园,河南开源房地产开发有限责任公司,613
329,辽河花园,漯河市金汇房地产开发有限责任公司,第083号
330,碧桂新苑,漯河市中州房地产开发有限公司,622
331,上城公馆,漯河市运达房地产开发有限公司,938、605、607、603、604、608、606
332,漯河市泰威房地产公司住宅楼,漯河市泰威房地产开发有限公司,629
333,幸福时光,漯河市恒基置业有限公司,677、678、679、736、763
334,新城财富广场,漯河市经济适用住房管理中心,699、700、773
335,交通路营业房,漯河市金汇房地产开发有限责任公司,052、052
336,山水杭城住宅小区,漯河市辉鸿置业有限公司,918、944、716、943、706、862、771、797、796
337,锦绣小区,漯河锦华房地产开发有限公司,725、726
338,泰威文苑二期住宅楼,河南泰威房地产开发有限公司,738
339,北岸花园,漯河市龙胜房屋开发有限公司,760
340,盛隆.倾城小区,漯河市盛隆房地产开发有限公司,764、858
341,湘江小镇,漯河市联太房地产开发有限公司,774、790
342,舟山路城市空间综合楼,漯河市和泰房地产开发有限公司,785
343,丽水康城,漯河惠宾房地产开发有限公司,860、895、859
344,荷苑小区,河南开源房地产开发有限责任公司,478、505、476、477、506
345,锦鸿-柳江名苑,漯河市锦鸿实业有限公司,882、883
346,博睿-国典,漯河市博睿天地置业有限公司,904、921、905、920
347,金山-御景苑,漯河市恒基置业有限公司,936、937、967、1060
348,红日文景苑,漯河红日集团房地产开发有限公司,087
349,苹果亲亲家园,漯河市龙泰房地产开发工程有限公司,980、979
350,滨河花园,漯河市华东房地产开发有限公司,993、1006
351,天明-第一城,漯河天明地产有限公司,1044、1000、1001
352,漯河市食品批发交易市场D区,漯河市运跃置业有限公司,1063、1062
353,MOCO新世界,漯河建联地产有限公司,1110、1109、1144、1103
354,银河湾,河南银鸽地产有限公司,1113
355,金地-兰乔圣菲,漯河金土地置业有限公司,1123、1124
356,沙田锦绣天地,漯河市舒漫置业发展有限公司,1138
357,金地-兰乔迪亚,漯河金土地置业有限公司,1153、1154、1156、1155、1151、1152
358,建业..森林半岛,漯河建业住宅建设有限公司,414
359,永冠交通路营宿楼,漯河市永冠房地产开发有限公司,421
360,双汇欧洲故事,漯河昌建地产有限公司,482、483、458、459、481、460
361,金地翠园二期,漯河金土地置业有限公司,015、469
362,湘江路营宿楼,漯河市金发房地产开发公司,479
363,菊苑,河南开源房地产开发有限责任公司,512、513
364,怡翠园住宅小区,漯河金翔房地产开发有限公司,559
365,天元明珠,漯河市天元房地产开发有限公司,561、562
366,柳江西区,漯河市华祥房屋建筑工程开发有限公司,141、141、117、141、141
367,时代公馆,漯河市恒基置业有限公司,586、737
368,沙北辽河路居正公司项目营宿楼,漯河居正房地产开发有限公司,645
369,淞江芳园 西区,漯河市方圆置业有限公司,649、652、656、648、647、654、655、651、653、650
370,龙泰名门,龙泰房地产开发工程有限公司,107
371,双汇.国际花园三期尚河,漯河昌建地产有限公司,704、705
372,漯河市阳光水岸住宅小区,漯河市恒润置业有限公司,746
373,文萃.幸福苑,漯河市经济适用住房管理中心,768、765、769
374,柳江东苑,漯河市经济适用住房管理中心,069
375,水畔城邦,漯河市和泰房地产开发有限公司,923、861、907、807
376,双汇西班牙玫瑰商铺,漯河昌建地产有限公司,818
377,祥和花园,漯河市联太房地产开发有限公司,819
378,文化家园,漯河嘉晟泰置业有限公司,857、826、825
379,老街营宿楼,漯河惠宾房地产开发有限公司,827
380,幸福里小区,漯河昌润房地产开发有限公司,884、885
381,怡景花园,漯河惠宾房地产开发有限公司,096
382,广鑫-帝景城,漯河广鑫房地产开发有限公司,971、970、1114
383,东郡华府（一期）,漯河市大众房地产开发有限公司,1003、1004
384,宏昌家园,漯河盛通房地产开发有限公司,1012、1013、1007、1010、1008、1011、1009
385,坤恒-金碧苑,漯河坤恒置业有限公司,1026
386,康桥水岸,漯河市缘动力置业有限公司,1150、1038
387,伟业-万和城东区,漯河伟业房地产开发有限公司,1111、1051、1052
388,碧湖御苑小区,漯河市昌华房地产开发有限公司,1075
389,坤恒-金色华府,漯河坤恒置业有限公司,1161、1160、1162
390,龙胜豪门,漯河市龙胜房屋开发有限公司,423、619、581
391,龙胜豪门,漯河市龙胜房屋开发有限公司,423、619、581
392,金地紫薇花园,漯河金土地置业有限公司,670、435、432、433、434
393,双汇.新旺角,漯河昌建地产有限公司,448
394,沙田莱茵风景,漯河市舒漫置业发展有限公司,916、1033、527、879、723、411、880、925、1071、530、813、617、878、814、473、881、474、722、754、914、751、915、1034、531、615、618、877、941、721、753、924、616、815、940、879、752、532
395,水景新苑小区,漯河市德源房地产开发有限公司,484、553、485
396,五一路营宿楼,河南开源房地产开发有限责任公司,509
397,金汇东方红小区,漯河市金汇房地产开发有限责任公司,156
398,康居鑫苑住宅小区,漯河市鑫昌房地产开发有限责任公司,507、508
399,龙江苑小区,漯河市盛隆房地产开发有限公司,402
400,盛隆碧水湾,漯河市盛隆房地产开发有限公司,235、236
401,龙泰新苑,龙泰房地产开发工程有限公司,094
402,五一路南段商业房,河南开源房地产开发有限责任公司,602
403,辽河路商住楼,漯河惠宾房地产开发有限公司,577、635、634
404,天元景观城,漯河市天元房地产开发有限公司,149
405,盛世嘉园,河南开源房地产开发有限责任公司,638
406,沙澧锦绣花园,漯河市金都置业有限公司,630、758、680、631、681、633、632、759、646
407,金山商住区1号楼,漯河市金发房地产开发公司,1116、671
408,,龙泰房地产开发工程有限公司,094
409,文萃.满庭芳二期,漯河市经济适用住房管理中心,788、698
410,新兴房地产开发公司住宅楼,漯河市新兴房地产开发有限公司,719
411,淞江芳园小区.二期,漯河市方圆置业有限公司,731、733
412,双汇-西班牙玫瑰小高层,漯河昌建地产有限公司,739、740
413,燕山路营宿楼,漯河市天汇房地产开发有限公司,757
414,天赐良园西区,漯河市龙胜房屋开发有限公司,715、713、714
415,坤恒-金色里程,漯河坤恒置业有限公司,917、966、896、832、831、833
416,建业-壹号城邦,漯河建业昌建置业有限公司,874、875、868、866、867、870、872、873、876、869、871
417,广弘花园住宅小区,河南恒泰房地产有限公司,
418,龙苑小区,漯河市豪山房地产开发有限公司,1104、981
419,小城故事,漯河市联太房地产开发有限公司,994、995、1064
420,文萃-幸福苑,漯河市经济适用住房管理中心,1018、1016、1017
421,天泰大厦附属楼,漯河市天泰建设开发有限公司,1028
422,东郡华府,漯河市大众房地产开发有限公司,1084
423,碧湖御苑小区,漯河市昌华房地产开发有限公司,1118、1120、1122、1119、1121、1117
424,天鑫-现代城,河南天鑫置业有限公司,1148、1149、1165
425,盛世浩苑小区,漯河盛浩置业有限公司,1172、1173
426,华东世纪城,漯河市华东房地产开发有限公司,233、116
427,金汇花园,漯河市金汇房地产开发有限责任公司,180、083、181、179
428,景艺苑小区,漯河市天泰建设开发有限公司,337、338、336
429,东郡华府三期,漯河市大众房地产开发有限公司,20130030
430,漯河新天地,漯河市美盛房地产开发有限公司,342、306、328、328、340、340、334、334、306、328、327、327、327、327、335、335、335、334、304、304、342、306、304
431,盛世嘉园28-30,河南开源房地产开发有限责任公司,20130028
432,碧水湾,漯河市盛隆房地产开发有限公司,213、213
433,新城.财富广场,漯河市经济适用住房管理中心,286-287、397
434,文萃幸福苑,漯河市经济适用住房管理中心,20130027
435,君临华府1,漯河远志置业有限公司,20130020
436,绿洲鑫苑,漯河市鑫昌房地产开发有限公司,269
437,温州国际商贸城,漯河市耀光置业有限公司,292
438,盛世嘉园31-33,河南开源房地产开发有限责任公司,20130029
439,大唐世家住宅小区,漯河市金汇房地产开发有限责任公司,2000-012
440,德隆都市名家,漯河市德隆房地产开发有限责任公司,158
441,红太阳小区,房地产交易处开发公司,800、900
442,受降路农贸市场,河南恒泰房地产有限公司,072、071
443,受降农贸市场,河南恒泰房地产有限公司,073
444,盛世嘉园,河南开源房地产开发有限责任公司,351、348、352、349、350
445,中华名吃休闲街,河南开源房地产开发有限责任公司,363、364
446,汇源小区,河南开源房地产开发有限责任公司,278
447,香樟花园,河南开源房地产开发有限责任公司,279-281
448,马夫张营宿楼,河南逸鹏置业有限公司,290
449,银鸽新苑,河南银鸽地产有限公司,260、206、209、208、207、204、205
450,银河湾,河南银鸽地产有限公司,404、403
451,银鸽新苑住宅小区,河南银鸽地产有限公司,310、313、312、311
452,鸿盛房地产开发工程有限公司,鸿盛房地产开发工程有限公司,112
453,东方恒星苑,鸿盛房地产开发工程有限公司,082、184、201、112
454,文景园,红日房地产开发有限公司,089、089
455,文景苑,红日房地产开发有限公司,089、089
456,红日文景苑,红日房地产开发有限公司,089、090、090、202、088、087
457,红日集团房地产开发公司,红日房地产开发有限公司,089
458,文景苑,红日房地产开发有限公司,089、089
459,华东世纪1城,华东房地产开发公司,1357
460,汇利房地产开发有限公司,漯河市汇利房地产开发有限公司,077
461,金建房地产开发公司,金建房地产开发公司,026
462,金普花园,金普房地产开发公司,108、050、134、044
463,金龙花园,漯河市金土地物业发展有限公司,056、056
464,金山花园,漯河市金土地物业发展有限公司,080
465,柳江东苑,漯河市经济适用住房管理中心,095
466,经济适用住房管理中心,漯河市经济适用住房管理中心,069、095
467,,金建房地产开发公司,026
468,文萃江南,漯河市经济适用住房管理中心,095
469,文萃.江南,漯河市经济适用住房管理中心,095
470,森林庄园,开源房地产开发有限公司,121、121
471,工商住宅小区,岭檎湍泺有奁舾馍攥痛遢缒辎蒡妃泷艳,2001-011
472,美好嘉园,漯河市龙胜房屋开发有限公司,127
473,龙泰名门,漯河市龙胜房屋开发有限公司,107
474,龙胜房屋开发有限公司,漯河市龙胜房屋开发有限公司,127
475,龙泰华庭,漯河市龙胜房屋开发有限公司,119、119
476,龙泰华庭,漯河市龙胜房屋开发有限公司,119、119
477,龙泰星级花园,漯河市龙胜房屋开发有限公司,61
478,泰昌综合楼,省水利一局漯河房地产开发有限公司,130、040
479,阳光景苑,省水利一局漯河房地产开发有限公司,131
480,舟山花园,河南泰威房地产开发有限公司,139、139
481,军转干部楼,新漯房地产开发公司,109、109
482,永冠都市文苑,漯河市永冠房地产开发有限公司,160
483,永冠都市文苑,漯河市永冠房地产开发有限公司,160
484,源汇区,源汇区房地产开发总公司,34
485,交通路营宿楼,源汇区房地产开发总公司,41
486,阳光雅园,源汇区房地产开发总公司,076
487,清华园,漯河市运达房地产开发有限公司,067、102
488,清华园,漯河市运达房地产开发有限公司,067、102
489,锦绣淞江小区,郑州中实房地产开发有限公司,377、375、378、376、379
490,万祥街营宿楼,中国房地产开发集团漯河公司,99
491,海河小区,中国房地产开发集团漯河公司,036、037
492,文馨苑,中国房地产开发集团漯河公司,154
493,信发小区,郾城贯通房地产开发有限公司,2005-006
494,信发花园住宅小区,郾城贯通房地产开发有限公司,2005-006
495,天泰建材市场,郾城区天泰市场建设投资开发有限责任公司,2003-005、2003-008
496,辽河花园西区,郾城县房地产综合开发公司,2002-001
497,淞江西区,郾城县房地产综合开发公司,2000-003、2001-007、2001-008
498,文化市场,郾城县房地产综合开发公司,2002-002
499,三利花园,郾城县房地产综合开发公司,2005-007、2005-007
500,宜居园,郾城县贯通房地产开发有限公司,2003-001、2003-002
501,沙田艺林苑,郾城县舒漫建业发展有限公司,2001-001
502,供销社营宿楼,郾城县淞泰房地产开发公司,2000-006
503,燕山花园新区住宅楼,漯河安地置业有限公司,308
504,红日文景苑二期,漯河红日集团房地产开发有限公司,283
505,怡景花园,漯河惠宾房地产开发有限公司,096
506,中华家园,漯河家园房地产开发有限公司,369、357、356、362、368
507,滨河路东段营宿楼,漯河家园房地产开发有限公司,138
508,建业森林半岛,漯河建业住宅建设有限公司,389、390、391
509,建业.森林半岛,漯河建业住宅建设有限公司,409、410
510,天赐良园西区,漯河市龙胜房屋开发有限公司,274
511,嘉业城市花园一期6,漯河市嘉业房地产开发有限责任公司,
512,锦江花园,漯河市三元房地产开发有限公司,408
513,华业玉苑小区,漯河市华业房地产开发有限公司,20140084
514,中润大河熙岸（二期）5#、9#、12#,漯河中润房地产投资有限公司,20140086
515,螺湾小镇18#、19#、25#,漯河市经济适用住房管理中心,20140112
516,中润・凤凰城公寓综合楼及附楼,漯河中润房地产投资有限公司,
517,昌建东外滩3,漯河昌建中融置业有限公司,20150186
518,亿博翰林汇15,漯河市亿博置业有限公司,20140099
519,坤恒・金色里程,漯河坤恒置业有限公司,20130069
520,时代广场,河南开源房地产开发有限责任公司,20140181
521,瑞贝卡家天下.3,漯河瑞贝卡房地产开发有限公司,20140103
522,荣凯・巴黎都市16、17、18号楼,漯河荣凯置业有限公司,20140076
523,沙田・新空间南区,漯河市舒漫置业发展有限公司,20140105
524,MOCO新世界一期,漯河建联地产有限公司,20140090
525,龙城国际（4）,漯河市龙胜房屋开发有限公司,20130062
526,永冠湘江路小区9#、11#,漯河市永冠房地产开发有限公司,20130070
527,紫玉城2号楼,河南省龙源航运实业有限公司,20140074
528,新城财富广场07B1 、07B2,漯河市经济适用住房管理中心,20130066
529,盛隆阳光名邸,漯河市盛隆房地产开发有限公司,277
530,丰泽园（月湾湖东岸）13#、17#、18#楼,漯河新泰置业有限公司,20140089
531,万美时代,河南万美置业有限公司,20140075
532,昌建东外滩1,漯河昌建中融置业有限公司,20140085
533,伟业・万和城南区1,漯河伟业房地产开发有限公司,20140094
534,螺湾小镇7#、11#、12#,漯河市经济适用住房管理中心,20140107
535,螺湾小镇15#、20#、22#,漯河市经济适用住房管理中心,20140110
536,龙城国际（5）,漯河市龙胜房屋开发有限公司,20130063
537,泰威・中央公园二期B,河南泰威房地产开发有限公司,20130073
538,沙田世纪苑,漯河市舒漫置业发展有限公司,2000-002
539,中安信业现代城,河南中安信业房地产有限公司,20140079
540,螺湾小镇26#,漯河市经济适用住房管理中心,20140111
541,螺湾小镇13#,漯河市经济适用住房管理中心,20140108
542,波普e墅家-01,漯河市美银置业有限公司,20140088
543,市舒漫置业发展有限公司,漯河市舒漫置业发展有限公司,147
544,沙田宜居小区,漯河市舒漫置业发展有限公司,147
545,舒漫置业发展有限公司,漯河市舒漫置业发展有限公司,147
546,沙田宜居,漯河市舒漫置业发展有限公司,147
547,天明第一城20\5,漯河天明地产有限公司,20140126
548,壹号城邦四期33#楼,漯河建业昌建置业有限公司,20140113
549,永冠湘江路小区5#、7#,漯河市永冠房地产开发有限公司,20130071
550,龙城国际（3）,漯河市龙胜房屋开发有限公司,20130061
551,龙城国际（6）,漯河市龙胜房屋开发有限公司,20130064
552,君临华府2,漯河远志置业有限公司,20140078
553,荣凯・巴黎都市19号楼,漯河荣凯置业有限公司,20140077
554,伟业・万和城南区2,漯河伟业房地产开发有限公司,20140095
555,伟业・万和城南区3,漯河伟业房地产开发有限公司,20140096
556,金泰花园一期金.领域,漯河市金泰房地产开发有限责任公司,399
557,螺湾小镇21#、28#,漯河市经济适用住房管理中心,20140109
558,苏荷公馆1#,漯河浩宇置业有限公司,20140092
559,天下-都市新城,漯河市金龙房地产开发有限公司,263
560,盛世浩苑小区16.17.20,漯河盛浩置业有限公司,20140134
561,龙城国际（2）,漯河市龙胜房屋开发有限公司,20130060
562,泰威・中央公园二期C,河南泰威房地产开发有限公司,20140115
563,昌建国际22#,漯河昌建地产有限公司,
564,MOCO新世界二期,漯河建联地产有限公司,20140091
565,波普e墅家,漯河市美银置业有限公司,20140087
566,德怡.枫林湾1,漯河市德源房地产开发有限公司,20140083
567,伟业・万和城南区4,漯河伟业房地产开发有限公司,20140097
568,螺湾小镇6#、14#,漯河市经济适用住房管理中心,20140106
569,丰泽园11#、12#、15#楼,漯河新泰置业有限公司,20140100
570,天翼星公馆,漯河天润置业有限公司,20140151
571,九龙湾,漯河银海置业有限公司,20140139
572,龙江苑,漯河市盛隆房地产开发有限公司,189
573,昌建东外滩2,漯河昌建中融置业有限公司,20140093
574,亿博翰林汇11-13,漯河市亿博置业有限公司,20140098
575,龙祥居小区,漯河天桥置业有限公司,20140101
576,广弘豪庭1,漯河市广源置业有限公司,20140116
577,瑞贝卡家天下. 3,漯河瑞贝卡房地产开发有限公司,20140104、20140102
578,三庭轩小区,漯河市金龙房地产开发有限公司,20140119
579,瑞通汽配建材综合市场,漯河市金桥置业有限公司,20150190、20150189、20150191、20150188
580,恒大名都二期04,漯河御盛房地产开发有限公司,20150197
581,幸福春天商业房9、11、5A,漯河市经济适用住房管理中心,
582,幸福春天商业房7A、14、13,漯河市经济适用住房管理中心,
583,东吴庄城中村改造（永信.伯爵山）（一期）1,漯河市永信置业有限公司,20140163
584,泰威・东方港湾5#、7#,河南泰威房地产开发有限公司,20140179
585,东吴庄城中村改造（永信.伯爵山）（一期）,漯河市永信置业有限公司,20140163
586,天鑫.现代城（二期）,河南天鑫置业有限公司,20140141
587,东都银座,漯河市亚农贸易中心房地产开发有限公司,20140142
588,天翼・星公馆3号楼,漯河天润置业有限公司,20140152
589,华东森林湖（二期）10,漯河市华东房地产开发有限公司,20150210
590,华东森林湖（二期）3,漯河市华东房地产开发有限公司,20140170
591,华东森林湖（二期）4,漯河市华东房地产开发有限公司,20140172
592,华东森林湖（二期）7,漯河市华东房地产开发有限公司,20140168
593,华东森林湖（二期）8,漯河市华东房地产开发有限公司,20140171
594,华东森林湖（二期）9,漯河市华东房地产开发有限公司,20140169
595,滨河颐景园西区（官邸）2,漯河市方圆置业有限公司,20140130
596,天明第一城四期一批01,漯河天明地产有限公司,20140145
597,MOCO新世界二期2,漯河建联地产有限公司,20140150
598,幸福春天商业房15#、5A,漯河市经济适用住房管理中心,
599,华东森林湖（二期）2,漯河市华东房地产开发有限公司,20140173
600,华东森林湖（二期）11,漯河市华东房地产开发有限公司,20150211
601,建业.西城森林半岛12#、15#、16#,漯河建业住宅建设有限公司,20140165
602,建业.西城森林半岛20#、21#,漯河建业住宅建设有限公司,20140164
603,波普e墅家-02,漯河市美银置业有限公司,20140131
604,东都银座1,漯河市亚农贸易中心房地产开发有限公司,20140143
605,滨河颐景园西区（官邸）,漯河市方圆置业有限公司,20140129
606,嘉业城市花园一期1#5#8#,漯河市嘉业房地产开发有限责任公司,20140148
607,嘉业城市花园一期2A,漯河市嘉业房地产开发有限责任公司,20140147
608,盛世浩苑小区11、14、18,漯河盛浩置业有限公司,20140133
609,银海.林溪湾2,漯河银海置业有限公司,20140154
610,威尼斯国际花园,漯河市双河置业有限公司,20140178
611,建业.西城森林半岛17#、18#、19#,漯河建业住宅建设有限公司,20140166
612,恒大名都一期03,漯河御盛房地产开发有限公司,20140124
613,华东森林湖小区,漯河市华东房地产开发有限公司,20140122
614,MOCO新世界二期1,漯河建联地产有限公司,20140149
615,电子科技大厦,漯河市金麒麟房地产开发有限公司,20140161
616,华东森林湖（二期）5,漯河市华东房地产开发有限公司,
617,华东森林湖（二期）1,漯河市华东房地产开发有限公司,20140167
618,华东森林湖（二期）6,漯河市华东房地产开发有限公司,20150212
619,壹号城邦四期28、29、30,漯河建业昌建置业有限公司,20140127
620,博顺・未来华城,河南博顺置业有限公司,20140114
621,壹号城邦六期B2座,漯河建业昌建置业有限公司,20140132
622,恒大名都一期01,漯河御盛房地产开发有限公司,20140123
623,永冠湘江路住宅小区8#、10#,漯河市永冠房地产开发有限公司,20140136
624,永冠湘江路住宅小区1#、2#、4#,漯河市永冠房地产开发有限公司,20140137
625,嘉业城市花园一期3#9#,漯河市嘉业房地产开发有限责任公司,20140155
626,银海.林溪湾1,漯河银海置业有限公司,20140153
627,北京路现代城（一期）,漯河居正房地产开发有限公司,20140121
628,亿博翰林汇16,漯河市亿博置业有限公司,20150213
629,中投.湾景国际2#、4#楼,漯河中投置业有限公司,20140120
630,永冠湘江路住宅小区3#、6#,漯河市永冠房地产开发有限公司,20140138
631,天明第一城四期一批,漯河天明地产有限公司,20140144
632,天明第一城四期一批02,漯河天明地产有限公司,20140146
633,1,漯河御盛房地产开发有限公司,20140123
634,古德城邦5,漯河市祥润置业有限公司,
635,泰威东方港湾6#,河南泰威房地产开发有限公司,20140156
636,闽豫建材电子商务港（一期）,漯河闽豫置业有限公司,20140158、20140159、20140160
637,广弘豪庭2,3,4,漯河市广源置业有限公司,20140117
638,广弘豪庭5,8,漯河市广源置业有限公司,20140118
639,壹号城邦四期35#楼,漯河建业昌建置业有限公司,20140128
640,恒大名都一期02,漯河御盛房地产开发有限公司,20140125
641,昌建广场（一期）,漯河昌建盛世地产有限公司,20140140
642,盛世浩苑13、23,漯河盛浩置业有限公司,20140135
643,泰威・东方港湾A,河南泰威房地产开发有限公司,20140157
644,幸福春天商业房3、5、7,漯河市经济适用住房管理中心,
645,螺湾小镇1#、3#、4#,漯河市经济适用住房管理中心,
646,华东森林湖（二期）12,漯河市华东房地产开发有限公司,20150209
647,漯河天安家园住宅小区-1,漯河天安置业有限公司,20150205
648,恒大名都一期05,漯河御盛房地产开发有限公司,20150215
649,宏阳・江南岸8、9,漯河市宏阳置业有限公司,20150208
650,盛鑫红场18#20#,漯河市盛鑫置业有限公司,20150225
651,盛鑫红场10#11#12#,漯河市盛鑫置业有限公司,
652,深圳中德宝汽车城,漯河壹品置业有限公司,20150224
653,天翼星公馆商铺,漯河天润置业有限公司,20140182
654,闽商大厦,河南省闽商实业有限公司,20150192
655,三庭轩住宅小区5#,漯河市金龙房地产开发有限公司,20140176
656,漯河天安家园住宅小区,漯河天安置业有限公司,20150205
657,淞江国际花园,郑州鑫泓置业有限公司,20150193、20150194
658,金色龙湾（一期）,漯河立华置业有限公司,20150198
659,金色龙湾（一期）2,漯河立华置业有限公司,20150200
660,义乌国际商贸城（一期）,漯河陆洲小商品城建设有限公司,20150204
661,泰威文苑,漯河市泰威房地产开发有限公司,253
662,锦辉花园,漯河市源汇区房地产开发总公司,197
663,盛鑫红场1#-5#,漯河市盛鑫置业有限公司,
664,博睿国典三期20#、21#、22#楼,漯河市博睿天地置业有限公司,20150222
665,博睿国典三期23#、25#楼,漯河市博睿天地置业有限公司,20150223
666,MOCO新世界二期3,漯河建联地产有限公司,20140174
667,三庭轩住宅小区22#,漯河市金龙房地产开发有限公司,20140177
668,解放新苑,漯河万通房地产开发有限公司,20150185
669,漯河中王奥特莱斯购物广场,漯河中王置业有限公司,20150196
670,中投・湾景国际10#、12#楼,漯河中投置业有限公司,20150202
671,盛世春天12#、13#、8#楼,漯河金科置业有限公司,20150219
672,宏阳・江南岸1、2、3,漯河市宏阳置业有限公司,20140183
673,华东竹苑,漯河市华东房地产开发有限公司,20140180
674,中润大河熙岸（二期）19#,漯河中润房地产投资有限公司,20150217
675,东吴庄城中村改造（永信・伯爵山）（一期）2#楼,漯河市永信置业有限公司,20150203
676,盛鑫红场17#19#,漯河市盛鑫置业有限公司,20150253
677,恒大御景18#地块01,漯河御盛房地产开发有限公司,20150218
678,东都银座颐苑,漯河市亚农贸易中心房地产开发有限公司,185
679,盛鑫红场6#7#8#9#13#14#,漯河市盛鑫置业有限公司,20150216
680,丰泽园,漯河新泰置业有限公司,20150230
681,华东森林湖（二期）13,漯河市华东房地产开发有限公司,
682,1121212,漯河市房地产开发公司1,
683,盛鑫红场15#-16#,漯河市盛鑫置业有限公司,
684,恒大御景18#地块02,漯河御盛房地产开发有限公司,
685,和园名居,漯河天地顺房地产开发有限公司,20150235
686,在建测试,测试,20150231
687,锦绣城小区二期,漯河市东建置业有限公司,20150232
688,锦绣城小区,漯河市东建置业有限公司,20150232
689,万美时代1号楼,河南万美置业有限公司,20150201
690,昌建广场1,漯河昌建盛世地产有限公司,20150195
691,金色龙湾（一期）1,漯河立华置业有限公司,20150199
692,昌建广场3,漯河昌建盛世地产有限公司,20150227
693,汇成商务中心,漯河市汇成置业有限公司,20150214
694,湘江公寓,漯河市泰源房地产开发有限责任公司,20150221
695,昌建广场4,漯河昌建盛世地产有限公司,20150228
696,1,漯河市华东房地产开发有限公司,
697,宏阳・江南岸5、6、7,漯河市宏阳置业有限公司,20140184
698,昌建东外滩4,漯河昌建中融置业有限公司,20150187
699,东吴庄城中村改造（永信.伯爵山）（一期）7#,漯河市永信置业有限公司,20150207
700,盛世春天9#、10#、11#楼,漯河金科置业有限公司,20150220
701,测试,测试,20150229
702,华东森林湖二期14,漯河市华东房地产开发有限公司,
703,亿博翰林汇,漯河市亿博置业有限公司,
704,昌建广场2,漯河昌建盛世地产有限公司,20150226
705,天鑫・现代城15#17#,河南天鑫置业有限公司,20150234
706,天翼滨湖国际广场（一期）3#4#楼,漯河天润置业有限公司,20150233
707,文萃*百合春天,漯河市经济适用住房管理中心,20150240
708,天鑫现代城商铺-S2,河南天鑫置业有限公司,
709,漯河中王奥特莱斯购物广场(4#、5#、6#),漯河中王置业有限公司,20150248
710,博顺・未来华城6#、10#、12#,河南博顺置业有限公司,20150249
711,丰泽园3#、6#、22#楼,漯河新泰置业有限公司,20150256
712,新泰丰泽园,漯河新泰置业有限公司,20150254
713,富华棕榈城3,漯河航民房地产开发有限公司,
714,天鑫现代城一期商铺,河南天鑫置业有限公司,20150243
715,苏荷红馆,漯河浩宇置业有限公司,20150236
716,建业・西城森林半岛3#、10#,漯河建业住宅建设有限公司,20150241
717,广弘豪庭6,漯河市广源置业有限公司,20150247
718,东吴庄城中村改造（永信・伯爵山）（一期）3#楼,漯河市永信置业有限公司,
719,富华棕榈城2,漯河航民房地产开发有限公司,
720,富华棕榈城4,漯河航民房地产开发有限公司,
721,伟业・世纪城一期2,漯河伟业房地产开发有限公司,
722,伟业・世纪城一期4,漯河伟业房地产开发有限公司,
723,伟业・世纪城一期1,漯河伟业房地产开发有限公司,
724,奥林匹克花园,漯河市友和置业有限公司,20150237
725,书香华庭,漯河市鼎宸房地产有限公司,20150239
726,蓝爵世家(三期),漯河家祥置业有限公司,20150242
727,天元四季花城,漯河市天元房地产开发有限公司,2004-001
728,富华棕榈城5,漯河航民房地产开发有限公司,
729,建业・西城森林半岛8# 、9#,漯河建业住宅建设有限公司,20150257
730,中央公园26#、27#、28#,河南泰威房地产开发有限公司,20150238
731,龙祥居小区1,漯河天桥置业有限公司,
732,丰泽园19#楼,漯河新泰置业有限公司,
733,滨河颐景园・西区（官邸）,漯河市方圆置业有限公司,20150251
734,建业・西城森林半岛11#、22#,漯河建业住宅建设有限公司,20150250
735,枫桦豪庭住宅小区2#楼,漯河福瑞隆置业有限公司,20150252
736,天明・第一城（二期）,漯河天明地产有限公司,
737,伟业・世纪城一期3,漯河伟业房地产开发有限公司,
738,天翼滨湖国际（一期1#2#）,漯河天润置业有限公司,
739,富华棕榈城,漯河航民房地产开发有限公司,
740,建业・西城森林半岛2#,漯河建业住宅建设有限公司,
741,丰泽园23#楼,漯河新泰置业有限公司,20150255
742,东方明珠小区（南区）5、6,河南方泰房地产开发有限公司,20150245
743,东方明珠小区（南区）1、2、3,河南方泰房地产开发有限公司,20150244
